{"cameraMode":{"drawMode":0,"name":"Shaded","section":"Shading Mode"},"sceneLighting":false,"audioPlay":false,"sceneViewState":{"showFog":true,"showMaterialUpdate":false,"showSkybox":false,"showFlares":true,"showImageEffects":true,"showParticleSystems":true},"in2DMode":false,"pivot":{"x":-0.6499998569488525,"y":-8.899999618530274,"z":3.5299997329711916},"rotation":{"x":-0.292863130569458,"y":0.02483726292848587,"z":-0.010926567018032074,"w":-0.9561364650726318},"size":37.798072814941409,"orthographic":false}